parameter,word,ipa,description,alternative,source_raw,source_bibtex,comment
mG,gi-swester,,male speaker's sibling,,,miller_old_2015,
mB,bruodar,,male speaker's brother,,,buck_dictionary_2008,
mZ,swestar,,male speaker's sister,,,buck_dictionary_2008,
meB,,,male speaker's elder brother,,,,
myB,,,male speaker's younger brother,,,,
meZ,,,male speaker's elder sister,,,,
myZ,,,male speaker's younger sister,,,,
mP,altiron,,male speaker's parent,,,buck_dictionary_2008,"note: altiron is plural rather than single, but concept is still there"
mF,fordoro,,male speaker's father,,,miller_old_2015,
mF,fater,,male speaker's father,,,buck_dictionary_2008,
mM,muotar,,male speaker's mother,,,buck_dictionary_2008,
mC,barn,,male speaker's child,,,miller_old_2015,
mC,kind,,male speaker's child,,,buck_dictionary_2008,
mS,sun,,male speaker's son,,,buck_dictionary_2008,
mD,tohter,,male speaker's daughter,,,buck_dictionary_2008,
mA,aftfordoron,,male speaker's ancestor,,,buck_dictionary_2008,
mA,altmāga,,male speaker's ancestor,,,buck_dictionary_2008,altmāga literally translates as old relatitves
mPP,,,male speaker's grandparent,,,buck_dictionary_2008,
mFF,altvater,,male speaker's father's father,,,diepeveen_verwantschapstermen_2003,
mFF,ano,,male speaker's father's father,,,buck_dictionary_2008,
mFM,uota,,male speaker's father's mother,,,miller_old_2015,
mFM,altmuoter,,male speaker's father's mother,,,diepeveen_verwantschapstermen_2003,
mFM,ana,,male speaker's father's mother,,,buck_dictionary_2008,
mMF,altvater,,male speaker's mother's father,,,diepeveen_verwantschapstermen_2003,
mMF,ano,,male speaker's mother's father,,,buck_dictionary_2008,
mMM,uota,,male speaker's mother's mother,,,miller_old_2015,
mMM,altmuoter,,male speaker's mother's mother,,,diepeveen_verwantschapstermen_2003,
mMM,ana,,male speaker's mother's mother,,,buck_dictionary_2008,
mCC,,,male speaker's grandchild,,,,
mSS,eninkilī,,male speaker's son's son,,,miller_old_2015,
mSS,nevo,,male speaker's son's son,,,buck_dictionary_2008,
mSS,eninchil,,male speaker's son's son,,,buck_dictionary_2008,
mSD,nift,,male speaker's son's daughter,,,buck_dictionary_2008,
mDS,nevo,,male speaker's daughter's son,,,buck_dictionary_2008,
mDS,eninchil,,male speaker's daughter's son,,,buck_dictionary_2008,
mDD,nift,,male speaker's daughter's daughter,,,buck_dictionary_2008,
mFB,fetiro,,male speaker's father's brother,,,buck_dictionary_2008,
mFZ,basa,,male speaker's father's sister,,,buck_dictionary_2008,
mMB,ōheim,,male speaker's mother's brother,,,buck_dictionary_2008,
mMZ,mustera,,male speaker's mother's sister,,,buck_dictionary_2008,
mMZ,muoma,,male speaker's mother's sister,,,buck_dictionary_2008,
mFeB,,,male speaker's father's older brother,,,,
mFyB,,,male speaker's father's younger brother,,,,
mFeZ,,,male speaker's father's older sister,,,,
mFyZ,,,male speaker's father's younger sister,,,,
mMeZ,,,male speaker's mother's older sister,,,,
mMyZ,,,male speaker's mother's younger sister,,,,
mMeB,,,male speaker's mother's older brother,,,,
mMyB,,,male speaker's mother's younger brother,,,,
mBS,bruodersun,,male speaker's brother's son,,,diepeveen_verwantschapstermen_2003,
mBS,nevo,,male speaker's brother's son,,,buck_dictionary_2008,
mBD,nift,,male speaker's brother's daughter,,,buck_dictionary_2008,
mBD,niftila,,male speaker's brother's daughter,,,buck_dictionary_2008,
mZS,sustersun,,male speaker's sister's son,,,diepeveen_verwantschapstermen_2003,
mZS,swestersun,,male speaker's sister's son,,,diepeveen_verwantschapstermen_2003,
mZS,nevo,,male speaker's sister's son,,,buck_dictionary_2008,
mZD,,,male speaker's sister's daughter,,,,
meBS,,,male speaker's older brother's son,,,,
myBS,,,male speaker's younger brother's son,,,,
meBD,,,male speaker's older brother's daughter,,,,
myBD,,,male speaker's younger brother's daughter,,,,
meZS,,,male speaker's older sister's son,,,,
myZS,,,male speaker's younger sister's son,,,,
meZD,,,male speaker's older sister's daughter,,,,
myZD,,,male speaker's younger sister's daughter,,,,
mFZD,basun tohter,,male speaker's father's sister's daughter,,,buck_dictionary_2008,Inferred from buck_dictionary_2008
mFBD,feterin tohter,,male speaker's father's brother's daughter,,,buck_dictionary_2008,
mMBD,ōheimes tohter,,male speaker's mother's brother's daughter,,,buck_dictionary_2008,Inferred from buck_dictionary_2008
mMZD,muomun tohter,,male speaker's mother's sister's daughter,,,buck_dictionary_2008,Inferred from buck_dictionary_2008
mFBS,feterinsun,,male speaker's father's brother's son,,,buck_dictionary_2008,
mFZS,basunsun,,male speaker's father's sister's son,,,buck_dictionary_2008,Inferred from buck_dictionary_2008
mMBS,ōheimessun,,male speaker's mother's brother's son,,,buck_dictionary_2008,
mMZS,muomunsun,,male speaker's mother's sister's son,,,buck_dictionary_2008,
mFeBS,,,male speaker's father's older brother's son,,,,
mFyBS,,,male speaker's father's younger brother's son,,,,
mFeZS,,,male speaker's father's older sister's son,,,,
mFyZS,,,male speaker's father's younger sister's son,,,,
mFeBD,,,male speaker's father's older brother's daughter,,,,
mFyBD,,,male speaker's father's younger brother's daughter,,,,
mFeZD,,,male speaker's father's older sister's daughter,,,,
mFyZD,,,male speaker's father's younger sister's daughter,,,,
mMeBS,,,male speaker's mother's older brother's son,,,,
mMyBS,,,male speaker's mother's younger brother's son,,,,
mMeZS,,,male speaker's mother's older sister's son,,,,
mMyZS,,,male speaker's mother's younger sister's son,,,,
mMeBD,,,male speaker's mother's older brother's daughter,,,,
mMyBD,,,male speaker's mother's younger brother's daughter,,,,
mMeZD,,,male speaker's mother's older sister's daughter,,,,
mMyZD,,,male speaker's mother's younger sister's daughter,,,,
mFBeS,,,male speaker's father's brother's older son,,,,
mFByS,,,male speaker's father's brother's younger son,,,,
mFZeS,,,male speaker's father's sister's older son,,,,
mFZyS,,,male speaker's father's sister's younger son,,,,
mFBeD,,,male speaker's father's brother's older daughter,,,,
mFByD,,,male speaker's father's brother's younger daughter,,,,
mFZeD,,,male speaker's father's sister's older daughter,,,,
mFZyD,,,male speaker's father's sister's younger daughter,,,,
mMBeS,,,male speaker's mother's brother's older son,,,,
mMByS,,,male speaker's mother's brother's younger son,,,,
mMZeS,,,male speaker's mother's sister's older son,,,,
mMZyS,,,male speaker's mother's sister's younger son,,,,
mMBeD,,,male speaker's mother's brother's older daughter,,,,
mMByD,,,male speaker's mother's brother's younger daughter,,,,
mMZeD,,,male speaker's mother's sister's older daughter,,,,
mMZyD,,,male speaker's mother's sister's younger daughter,,,,
mE,,,male speaker's spouse,,,,
mH,,,male speaker's husband,,,,
mW,wirtun,,male speaker's wife,,,miller_old_2015,
mW,winia,,male speaker's wife,,,miller_old_2015,
mW,gi-māla,,male speaker's wife,,,miller_old_2015,
mW,gi-mahha,,male speaker's wife,,,miller_old_2015,
mW,quena,,male speaker's wife,,,buck_dictionary_2008,
mW,wīb,,male speaker's wife,,,buck_dictionary_2008,
mW,hīwa,,male speaker's wife,,,buck_dictionary_2008,
mW,gimahala,,male speaker's wife,,,buck_dictionary_2008,
mHF,,,male speaker's husband's father,,,,
mHM,,,male speaker's husband's mother,,,,
mWF,swehur,,male speaker's wife's father,,,buck_dictionary_2008,
mWM,swigar,,male speaker's wife's mother,,,buck_dictionary_2008,
mBW,geswige,,male speaker's brother's wife,,,buck_dictionary_2008,
mZH,swāgur,,male speaker's sister's husband,,,buck_dictionary_2008,
mZH,zeihhur,,male speaker's sister's husband,,,buck_dictionary_2008,
mWB,swāgur,,male speaker's wife's brother,,,buck_dictionary_2008,
mWB,zeihhur,,male speaker's wife's brother,,,buck_dictionary_2008,
mWZ,geswige,,male speaker's wife's sister,,,,
mHB,,,male speaker's husband's brother,,,,
mHZ,,,male speaker's husband's sister,,,,
mco-W,,,male speaker's co-wife,,,,
mco-H,,,male speaker's co-husband,,,,
mFW(notM),stiufmuotar,,male speaker's father's wife (not mother),,,buck_dictionary_2008,
mMH(notF),stiuffater,,male speaker's mother's husband (not father),,,buck_dictionary_2008,
mSW,snura,,male speaker's son's wife,,,buck_dictionary_2008,
mSWM,,,male speaker's son's wife's mother,,,,
mSWF,,,male speaker's son's wife's father,,,,
mDH,eidum,,male speaker's daughter's husband,,,buck_dictionary_2008,
mDHM,,,male speaker's daughter's husband's mother,,,,
mDHF,,,male speaker's daughter's husband's father,,,,
mFZH,,,male speaker's father's sister's husband,,,,
mFBW,,,male speaker's father's brother's wife,,,,
mMZH,,,male speaker's mother's sister's husband,,,,
mMBW,,,male speaker's mother's brother's wife,,,,
fG,gi-swester,,female speaker's sibling,,,miller_old_2015,
fB,bruodar,,female speaker's brother,,,buck_dictionary_2008,
fZ,swestar,,female speaker's sister,,,buck_dictionary_2008,
feB,,,female speaker's elder brother,,,,
fyB,,,female speaker's younger brother,,,,
feZ,,,female speaker's elder sister,,,,
fyZ,,,female speaker's younger sister,,,,
fP,altiron,,female speaker's parent,,,buck_dictionary_2008,"note: altiron is plural rather than single, but concept is still there"
fF,fordoro,,female speaker's father,,,miller_old_2015,
fF,fater,,female speaker's father,,,buck_dictionary_2008,
fM,muotar,,female speaker's mother,,,buck_dictionary_2008,
fC,barn,,female speaker's child,,,miller_old_2015,
fC,kind,,female speaker's child,,,buck_dictionary_2008,
fS,sun,,female speaker's son,,,buck_dictionary_2008,
fD,tohter,,female speaker's daughter,,,buck_dictionary_2008,
fA,aftfordoron,,,,,buck_dictionary_2008,
fA,altmāga,,female speaker's ancestor,,,buck_dictionary_2008,altmāga literally translates as old relatitves
fPP,,,female speaker's grandparent,,,,
fFF,altvater,,female speaker's father's father,,,diepeveen_verwantschapstermen_2003,
fFF,ano,,female speaker's father's father,,,buck_dictionary_2008,
fFM,uota,,female speaker's father's mother,,,miller_old_2015,
fFM,altmuoter,,female speaker's father's mother,,,diepeveen_verwantschapstermen_2003,
fFM,ana,,female speaker's father's mother,,,buck_dictionary_2008,
fMF,altvater,,female speaker's mother's father,,,diepeveen_verwantschapstermen_2003,
fMF,ano,,female speaker's mother's father,,,buck_dictionary_2008,
fMM,uota,,female speaker's mother's mother,,,miller_old_2015,
fMM,altmuoter,,female speaker's mother's mother,,,diepeveen_verwantschapstermen_2003,
fMM,ana,,female speaker's mother's mother,,,buck_dictionary_2008,
fCC,,,female speaker's grandchild,,,,
fSS,eninkilī,,female speaker's son's son,,,miller_old_2015,
fSS,nevo,,female speaker's son's son,,,buck_dictionary_2008,
fSS,eninchil,,female speaker's son's son,,,buck_dictionary_2008,
fSD,nift,,female speaker's son's daughter,,,buck_dictionary_2008,
fDS,nevo,,female speaker's daughter's son,,,buck_dictionary_2008,
fDS,eninchil,,female speaker's daughter's son,,,buck_dictionary_2008,
fDD,nift,,female speaker's daughter's daughter,,,buck_dictionary_2008,
fFB,fetiro,,female speaker's father's brother,,,buck_dictionary_2008,
fFZ,basa,,female speaker's father's sister,,,buck_dictionary_2008,
fMB,ōheim,,female speaker's mother's brother,,,buck_dictionary_2008,
fMZ,mustera,,female speaker's mother's sister,,,buck_dictionary_2008,
fMZ,muoma,,female speaker's mother's sister,,,buck_dictionary_2008,
fFeB,,,female speaker's father's older brother,,,,
fFyB,,,female speaker's father's younger brother,,,,
fFeZ,,,female speaker's father's older sister,,,,
fFyZ,,,female speaker's father's younger sister,,,,
fMeZ,,,female speaker's mother's older sister,,,,
fMyZ,,,female speaker's mother's younger sister,,,,
fMeB,,,female speaker's mother's older brother,,,,
fMyB,,,female speaker's mother's younger brother,,,,
fBS,bruodersun,,female speaker's brother's son,,,diepeveen_verwantschapstermen_2003,
fBS,nevo,,female speaker's brother's son,,,buck_dictionary_2008,
fBD,nift,,female speaker's brother's daughter,,,buck_dictionary_2008,
fBD,niftila,,female speaker's brother's daughter,,,buck_dictionary_2008,
fZS,sustersun,,female speaker's sister's son,,,diepeveen_verwantschapstermen_2003,
fZS,swestersun,,female speaker's sister's son,,,diepeveen_verwantschapstermen_2003,
fZS,nevo,,female speaker's sister's son,,,buck_dictionary_2008,
fZD,,,female speaker's sister's daughter,,,,
feBS,,,female speaker's older brother's son,,,,
fyBS,,,female speaker's younger brother's son,,,,
feBD,,,female speaker's older brother's daughter,,,,
fyBD,,,female speaker's younger brother's daughter,,,,
feZS,,,female speaker's older sister's son,,,,
fyZS,,,female speaker's younger sister's son,,,,
feZD,,,female speaker's older sister's daughter,,,,
fyZD,,,female speaker's younger sister's daughter,,,,
fFZD,basun tohter,,female speaker's father's sister's daughter,,,buck_dictionary_2008,Inferred from buck_dictionary_2008
fFBD,feterin tohter,,female speaker's father's brother's daughter,,,buck_dictionary_2008,
fMBD,ōheimes tohter,,female speaker's mother's brother's daughter,,,buck_dictionary_2008,Inferred from buck_dictionary_2008
fMZD,muomun tohter,,female speaker's mother's sister's daughter,,,buck_dictionary_2008,Inferred from buck_dictionary_2008
fFBS,feterinsun,,female speaker's father's brother's son,,,buck_dictionary_2008,
fFZS,basunsun,,female speaker's father's sister's son,,,buck_dictionary_2008,Inferred from buck_dictionary_2008
fMBS,ōheimessun,,female speaker's mother's brother's son,,,buck_dictionary_2008,
fMZS,muomunsun,,female speaker's mother's sister's son,,,buck_dictionary_2008,
fFeBS,,,female speaker's father's older brother's son,,,,
fFyBS,,,female speaker's father's younger brother's son,,,,
fFeZS,,,female speaker's father's older sister's son,,,,
fFyZS,,,female speaker's father's younger sister's son,,,,
fFeBD,,,female speaker's father's older brother's daughter,,,,
fFyBD,,,female speaker's father's younger brother's daughter,,,,
fFeZD,,,female speaker's father's older sister's daughter,,,,
fFyZD,,,female speaker's father's younger sister's daughter,,,,
fMeBS,,,female speaker's mother's older brother's son,,,,
fMyBS,,,female speaker's mother's younger brother's son,,,,
fMeZS,,,female speaker's mother's older sister's son,,,,
fMyZS,,,female speaker's mother's younger sister's son,,,,
fMeBD,,,female speaker's mother's older brother's daughter,,,,
fMyBD,,,female speaker's mother's younger brother's daughter,,,,
fMeZD,,,female speaker's mother's older sister's daughter,,,,
fMyZD,,,female speaker's mother's younger sister's daughter,,,,
fFBeS,,,female speaker's father's brother's older son,,,,
fFByS,,,female speaker's father's brother's younger son,,,,
fFZeS,,,female speaker's father's sister's older son,,,,
fFZyS,,,female speaker's father's sister's younger son,,,,
fFBeD,,,female speaker's father's brother's older daughter,,,,
fFByD,,,female speaker's father's brother's younger daughter,,,,
fFZeD,,,female speaker's father's sister's older daughter,,,,
fFZyD,,,female speaker's father's sister's younger daughter,,,,
fMBeS,,,female speaker's mother's brother's older son,,,,
fMByS,,,female speaker's mother's brother's younger son,,,,
fMZeS,,,female speaker's mother's sister's older son,,,,
fMZyS,,,female speaker's mother's sister's younger son,,,,
fMBeD,,,female speaker's mother's brother's older daughter,,,,
fMByD,,,female speaker's mother's brother's younger daughter,,,,
fMZeD,,,female speaker's mother's sister's older daughter,,,,
fMZyD,,,female speaker's mother's sister's younger daughter,,,,
fE,,,female speaker's spouse,,,,
fH,gom-man,,female speaker's husband,,,miller_old_2015,
fH,karl,,female speaker's husband,,,miller_old_2015,
fH,wirt,,female speaker's husband,,,miller_old_2015,
fH,man,,female speaker's husband,,,buck_dictionary_2008,
fH,hīwo,,female speaker's husband,,,buck_dictionary_2008,
fH,gimahalo,,female speaker's husband,,,buck_dictionary_2008,
fW,,,female speaker's wife,,,,
fHF,swehur,,female speaker's husband's father,,,buck_dictionary_2008,
fHM,swigar,,female speaker's husband's mother,,,buck_dictionary_2008,
fWF,,,female speaker's wife's father,,,,
fWM,,,female speaker's wife's mother,,,,
fBW,geswige,,female speaker's brother's wife,,,buck_dictionary_2008,
fZH,swāgur,,female speaker's sister's husband,,,buck_dictionary_2008,
fZH,zeihhur,,female speaker's sister's husband,,,buck_dictionary_2008,
fWB,,,female speaker's wife's brother,,,,
fWZ,,,female speaker's wife's sister,,,,
fHB,swāgur,,female speaker's husband's brother,,,buck_dictionary_2008,
fHB,zeihhur,,female speaker's husband's brother,,,buck_dictionary_2008,
fHZ,geswige,,female speaker's husband's sister,,,buck_dictionary_2008,
fco-W,,,female speaker's co-wife,,,,
fco-H,,,female speaker's co-husband,,,,
fFW(notM),stiufmuotar,,female speaker's father's wife (not mother),,,buck_dictionary_2008,
fMH(notF),stiuffater,,female speaker's wife's husband (not father),,,buck_dictionary_2008,
fSW,snura,,female speaker's son's wife,,,buck_dictionary_2008,
fSWM,,,female speaker's son's wife's mother,,,,
fSWF,,,female speaker's son's wife's father,,,,
fDH,eidum,,female speaker's daughter's husband,,,buck_dictionary_2008,
fDHM,,,female speaker's daughter's husband's mother,,,,
fDHF,,,female speaker's daughter's husband's father,,,,
fFZH,,,female speaker's father's sister's husband,,,,
fFBW,,,female speaker's father's brother's wife,,,,
fMZH,,,female speaker's mother's sister's husband,,,,
fMBW,,,female speaker's mother's brother's wife,,,buck_dictionary_2008,
fHS_notS,stiufsun,,female speaker's husband's son (stepson),,,buck_dictionary_2008,
mWS_notS,stiufsun,,male speaker's wife's son (stepson),,,buck_dictionary_2008,
fHD_notD,stiuftohter,,female speaker's husband's daughetr (stepdaughter),,,buck_dictionary_2008,
mWD_notD,stiuftohter,,male speaker's wife's daughter (stepdaughter),,,buck_dictionary_2008,